city,year,gdp,pgdp,pop,indus,elec,rd
上海,2003,6250.81,46718.0,1341.77,50.09,7459700.0,
上海,2004,7450.27,55307.0,1352.39,50.85,8214440.0,
上海,2005,9154.18,51474.0,1360.26,48.64,9219700.0,
上海,2006,10366.37,57695.0,1368.08,48.51,9901500.0,
上海,2007,12188.85,66367.0,1378.86,46.59,10723800.0,
上海,2008,13698.15,73124.0,1391.04,45.52,11382200.0,
上海,2009,15046.45,78989.0,1400.7,39.89,11533784.0,
上海,2010,17165.98,76074.0,1412.32,42.05,12958700.0,
上海,2011,19195.69,82560.0,1419.4,41.3,13396200.0,
上海,2012,20181.72,85373.0,1426.9,38.92,13534500.0,
上海,2013,21602.12,150853.0,1432.3,37.16,14106000.0,
上海,2014,23567.7,97370.0,1438.7,34.66,13465607.0,
上海,2015,25123.45,103796.0,1442.97,31.81,14055500.0,
上海,2016,28178.65,116562.0,1450.0,50.495000000000005,14860200.0,
上海,2017,30632.99,6.9,1455.0,29.805,15267716.0,
上海,2018,32679.87,134982.0,1462.0,48.085,15666595.0,
上海,2019,38156.0,157279.0,1469.0,26.99,15685775.0,15245534.0
上海,2020,38701.0,155800.0,1481.0,26.59,15958087.666666687,24208.0
上海,2021,43215.0,173600.0,1493.0,26.49,16167117.166666687,32860.0
上海,2022,44653.0,179900.0,1504.0,25.66,16376146.666666687,36800.0
南京,2003,1576.33,27307.0,572.23,51.04,1776748.0,
南京,2004,1910.0,33050.0,583.6,52.62,1996186.0,
南京,2005,2411.11,40887.0,595.8,49.78,2379068.0,
南京,2006,2773.78,46114.0,607.23,49.03,2602292.0,
南京,2007,3283.73,53639.0,617.17,48.94,2870984.0,
南京,2008,3775.0,60808.0,624.46,47.55,2977009.0,
南京,2009,4230.2608,67455.0,629.77,45.64,3224717.0,
南京,2010,5130.65,64037.0,632.42,45.37,3547502.0,
南京,2011,6145.52,76263.0,636.4,44.92,3789004.0,
南京,2012,7201.57,88525.0,638.5,44.03,4039334.0,
南京,2013,8011.78,124600.0,643.1,43.07,4626718.0,
南京,2014,8820.75,107545.0,648.7,41.08,4704973.0,
南京,2015,9720.77,118171.0,653.4,40.29,4951753.0,
南京,2016,10503.02,127264.0,663.0,39.2,5247900.0,
南京,2017,11715.1,8.1,681.0,38.015,5569607.0,
南京,2018,12820.4,152886.0,697.0,36.83,6064005.0,
南京,2019,14031.0,165681.0,710.0,35.93,6215300.0,
南京,2020,14818.0,159322.0,932.0,35.19,6329425.0,14897.0
南京,2021,16356.0,174520.0,734.0,36.09,6835698.0,21568.0
南京,2022,16908.0,178781.0,739.0,35.9,7244600.0,28291.0
无锡,2003,1901.22,43155.0,442.54,57.49,1259539.0,
无锡,2004,2350.0,52825.0,447.19,57.6,1448696.0,
无锡,2005,2804.68,62331.0,452.84,60.47,1661503.0,
无锡,2006,3300.59,72489.0,457.8,59.65,1893084.0,
无锡,2007,3858.54,83923.0,461.74,58.48,2147849.0,
无锡,2008,4419.5,95460.0,464.2,57.61,2151505.0,
无锡,2009,4991.72,107365.0,465.65,56.82,2154395.0,
无锡,2010,5793.3,92166.0,466.56,55.39,2507785.0,
无锡,2011,6880.1509,107437.0,468.0,54.19,2594821.0,
无锡,2012,7568.15,117357.0,470.1,53.01,2604597.0,
无锡,2013,8070.18,170978.0,472.2,52.14,2761769.0,
无锡,2014,8205.31,126389.0,477.1,49.92,2720191.0,
无锡,2015,8518.26,130938.0,480.9,49.28,2796971.0,
无锡,2016,9210.02,141258.0,486.0,47.2,4831837.5,
无锡,2017,10324.32,7.7,493.0,57.86,6866704.0,
无锡,2018,11438.62,174270.0,497.0,47.77,7328121.0,
无锡,2019,11852.0,180044.0,503.0,47.48,7508200.0,
无锡,2020,12370.0,165851.0,509.0,46.49,7595312.0,4362.0
无锡,2021,14003.0,187415.0,515.0,47.93,8386412.0,5764.0
无锡,2022,14851.0,198404.0,519.0,48.33,8333000.0,8439.0
徐州,2003,905.79,9992.0,908.66,48.7,496590.0,
徐州,2004,1095.8,12005.0,916.85,49.5,529133.0,
徐州,2005,1212.15,13697.0,925.31,50.65,653769.0,
徐州,2006,1428.8,15363.0,934.73,51.89,715443.0,
徐州,2007,1679.56,17909.0,940.95,52.51,763298.0,
徐州,2008,2007.36,21367.0,946.86,52.89,795395.0,
徐州,2009,2390.16,25100.0,957.61,52.26,981887.0,
徐州,2010,2942.1394,34084.0,972.89,50.67,1499408.0,
徐州,2011,3551.6456,41407.0,976.7,50.03,1726166.0,
徐州,2012,4016.58,46877.0,990.5,49.01,1951645.0,
徐州,2013,4435.8243,44050.0,1006.9,47.75,2031639.0,
徐州,2014,4963.91,57655.0,1023.5,45.25,1979190.0,
徐州,2015,5319.8804,61511.0,1028.7,44.27,2026364.0,
徐州,2016,5808.52,66845.0,1041.0,43.28,2040774.0,
徐州,2017,6281.875,5.1,1039.0,53.26,3612266.0,
徐州,2018,6755.23,76915.0,1045.0,41.63,3520461.0,
徐州,2019,7151.0,81138.0,1042.0,40.36,3711300.0,
徐州,2020,7320.0,80673.0,908.0,40.05,3649592.0,3209.0
徐州,2021,8117.0,89634.0,1035.0,41.59,3935548.9999999995,4564.0
徐州,2022,8458.0,93731.0,1032.0,42.48,4308600.0,5502.0
常州,2003,901.42,26149.0,346.22,57.71,1028442.0,
常州,2004,1100.61,31665.0,348.97,58.85,1205969.0,
常州,2005,1303.36,31997.0,351.63,61.08,1432121.0,
常州,2006,1569.46,44440.0,354.67,60.37,1654106.0,
常州,2007,1881.28,52840.0,357.38,59.67,1769973.0,
常州,2008,2202.23,61503.0,358.74,58.92,1776171.0,
常州,2009,2519.93,70138.0,359.82,56.74,1872958.0,
常州,2010,3044.89,67327.0,360.8,55.3,2151749.0,
常州,2011,3580.9857,77485.0,362.9,54.48,2408214.0,
常州,2012,3969.87,85039.0,364.8,52.92,2541410.0,
常州,2013,4360.9347,119151.0,365.9,51.61,2803051.0,
常州,2014,4901.87,104423.0,368.6,49.13,2804947.0,
常州,2015,5273.15,112221.0,370.85,47.71,3399272.0,
常州,2016,5773.86,122721.0,375.0,46.46,3571823.0,
常州,2017,5772.21,8.2,379.0,51.8,4550311.0,
常州,2018,7050.27,149277.0,382.0,46.29,4897229.0,
常州,2019,7401.0,156390.0,385.0,47.69,5058500.0,
常州,2020,7805.0,147939.0,386.5,46.33,5226173.0,2856.0
常州,2021,8808.0,165724.0,388.0,47.67,5883780.0,4793.0
常州,2022,9550.0,178243.0,389.0,48.84,6093700.0,6712.0
苏州,2003,2801.56,47693.0,590.97,63.25,1064239.0,
苏州,2004,3450.0,57992.0,598.85,65.74,1265908.0,
苏州,2005,4026.52,54164.0,607.31,66.6,1521728.0,
苏州,2006,4820.26,78801.0,616.08,65.39,1811087.0,
苏州,2007,5700.85,91911.0,624.43,63.71,2114503.0,
苏州,2008,6701.29,106863.0,629.75,62.01,2267713.0,
苏州,2009,7740.2,122565.0,633.29,58.75,2296425.0,
苏州,2010,9228.91,93043.0,637.66,56.93,2692950.0,
苏州,2011,10716.99,102129.0,642.3,55.59,2899339.0,
苏州,2012,12011.65,114029.0,647.8,54.13,5140791.0,
苏州,2013,13015.7,199017.0,653.8,52.63,5492795.0,
苏州,2014,13760.89,129925.0,661.1,50.09,5454612.0,
苏州,2015,14504.07,136702.0,667.01,48.57,5679415.0,
苏州,2016,11349.29,145556.0,678.0,47.03,10357349.0,
苏州,2017,17036.28,7.3,691.0,51.7,10847446.5,
苏州,2018,13715.255000000001,173765.0,704.0,48.03,15624897.0,
苏州,2019,19236.0,179174.0,723.0,47.46,15444800.0,
苏州,2020,20170.0,158466.0,742.5,46.53,15233377.0,9909.0
苏州,2021,22718.0,177505.0,762.0,47.86,16852764.0,14677.0
苏州,2022,23958.0,186024.0,775.0,48.09,16617300.0,20558.0
南通,2003,1006.71,12924.0,777.62,51.43,402477.0,
南通,2004,1226.0619,15806.0,773.79,54.17,463451.0,
南通,2005,1472.08,19979.0,770.86,56.1,538260.0,
南通,2006,1758.34,22826.0,769.79,56.02,610507.0,
南通,2007,2111.88,27500.0,766.13,56.68,697470.0,
南通,2008,2510.13,32815.0,763.72,57.01,685465.0,
南通,2009,2872.8038,37642.0,762.66,55.96,957646.0,
南通,2010,3465.67,47419.0,762.92,55.07,1097437.0,
南通,2011,4080.22,56005.0,764.9,54.45,1180261.0,
南通,2012,4558.67,62506.0,765.2,52.96,858332.0,
南通,2013,5038.8916,65696.0,766.5,52.07,1344137.0,
南通,2014,5652.69,77457.0,767.6,49.75,1368629.0,
南通,2015,6148.3955,84236.0,766.77,48.43,1429832.0,
南通,2016,4505.51275,92702.0,767.0,46.84,2717678.0,
南通,2017,7597.6,7.8,764.0,52.25,2924067.5,
南通,2018,6122.8150000000005,115320.0,763.0,46.85,4333129.0,
南通,2019,9383.0,128294.0,760.0,49.05,4515500.0,
南通,2020,10036.0,129900.0,773.0,47.49,4772850.0,2437.0
南通,2021,11027.0,142721.0,752.0,48.59,5417035.0,6506.0
南通,2022,11380.0,147057.0,747.0,49.31,5854299.999999999,6209.0
连云港,2003,344.9236,7536.0,467.83,42.99,160498.0,
连云港,2004,416.36,8891.0,468.81,45.22,183084.0,
连云港,2005,455.97,10003.0,472.18,44.2,195496.0,
连云港,2006,527.38,11084.0,479.42,45.8,239786.0,
连云港,2007,618.18,12857.0,482.23,46.73,237579.0,
连云港,2008,750.1,15458.0,488.25,47.34,258917.0,
连云港,2009,941.13,19229.0,490.64,46.29,280041.0,
连云港,2010,1193.31,26987.0,497.73,45.68,331797.0,
连云港,2011,1410.52,32119.0,505.2,46.39,397106.0,
连云港,2012,1603.42,36470.0,511.0,45.91,431228.0,
连云港,2013,1785.4217,34335.0,520.2,45.22,484067.0,
连云港,2014,1965.89,44277.0,526.5,45.26,571468.5,
连云港,2015,2160.64,48416.0,530.56,44.38,658870.0,
连云港,2016,2376.48,52987.0,534.0,44.18,1243391.5,
连云港,2017,2574.09,7.5,533.0,47.07,1210961.0,
连云港,2018,2771.7,61332.0,534.0,43.56,1785091.0,
连云港,2019,3139.0,69523.0,534.0,43.43,1836700.0,
连云港,2020,3277.0,71303.0,460.0,41.87,1941023.0000000002,565.0
连云港,2021,3728.0,81015.0,533.0,43.62,2181898.0,901.0
连云港,2022,4005.0,87042.0,531.0,45.3,2559300.0,1126.0
淮安,2003,420.64,8108.0,519.92,46.51,275513.0,
淮安,2004,500.97,9597.0,524.06,47.07,339998.0,
淮安,2005,561.81,11254.0,527.77,45.52,410033.0,
淮安,2006,651.06,12278.0,532.76,46.88,437500.0,
淮安,2007,765.23,14347.0,,48.14,510520.0,
淮安,2008,915.83,17104.0,536.91,49.49,589691.0,
淮安,2009,1121.75,20946.0,534.16,48.27,628970.0,
淮安,2010,1388.07,28861.0,538.74,46.62,696662.0,
淮安,2011,1690.0,35181.0,543.2,46.99,784296.0,
淮安,2012,1920.91,39992.0,546.8,46.29,829136.0,
淮安,2013,2155.86,38985.0,553.0,45.6,913463.0,
淮安,2014,2455.39,50736.0,560.3,44.23,933676.0,
淮安,2015,2745.09,56460.0,564.45,42.86,970705.0,
淮安,2016,3048.0,62446.0,568.0,41.61,1182224.0,
淮安,2017,2235.95,7.25,561.0,47.65,1729175.0,
淮安,2018,3601.25,73204.0,561.0,41.88,1865883.0,
淮安,2019,3871.0,78543.0,560.0,41.78,1912600.0,
淮安,2020,4025.0,87507.0,456.0,40.52,1938081.0,699.0
淮安,2021,4550.0,99768.0,555.0,41.52,2287244.0,974.0
淮安,2022,4742.0,104054.0,551.0,42.42,2486600.0,1095.0
盐城,2003,743.39,9330.0,796.51,43.93,114329.0,
盐城,2004,871.36,10928.0,798.28,44.9,175053.0,
盐城,2005,1004.9,12904.0,798.67,44.0,190037.0,
盐城,2006,1174.26,14647.0,804.73,45.66,223243.0,
盐城,2007,1371.26,16987.0,809.79,46.98,256776.0,
盐城,2008,1603.26,19775.0,811.71,48.55,279277.0,
盐城,2009,1917.0,23607.0,812.37,48.19,298574.0,
盐城,2010,2332.76,31640.0,816.12,47.01,366404.0,
盐城,2011,2771.33,38222.0,820.7,47.13,401193.0,
盐城,2012,3120.0,43172.0,822.4,47.21,420733.0,
盐城,2013,3475.5,42178.0,823.8,47.07,460602.0,
盐城,2014,3835.62,53115.0,828.5,46.47,727095.5,
盐城,2015,4212.5,58299.0,828.03,45.66,993589.0,
盐城,2016,3124.91,63278.0,831.0,44.8,1933117.0,
盐城,2017,5031.58,6.0,826.0,43.05,2872645.0,
盐城,2018,3869.66,75987.0,825.0,44.4,3209276.0,
盐城,2019,5702.0,79149.0,821.0,41.59,3276900.0,
盐城,2020,5953.0,88731.0,671.0,39.96,3582153.0,1621.0
盐城,2021,6617.0,98593.0,804.0,40.59,4101200.0,2309.0
盐城,2022,7080.0,105647.0,797.0,41.35,4489200.0,2614.0
扬州,2003,647.22,14290.0,453.61,51.36,253110.0,
扬州,2004,788.13,17359.0,454.29,53.27,295196.0,
扬州,2005,922.02,20389.0,456.31,56.31,324672.0,
扬州,2006,1100.16,24048.0,458.64,56.41,366317.0,
扬州,2007,1311.89,28585.0,459.25,57.02,428664.0,
扬州,2008,1573.29,34238.0,459.79,57.06,586164.0,
扬州,2009,1856.3943,40418.0,458.8,56.13,642170.0,
扬州,2010,2229.4884,49786.0,459.12,55.14,609643.0,
扬州,2011,2630.3025,58950.0,460.1,54.29,690335.0,
扬州,2012,2933.2,65692.0,458.4,53.0,989823.0,
扬州,2013,3252.0078,70696.0,459.8,52.08,1082080.0,
扬州,2014,3697.91,82654.0,461.3,51.0,1125263.0,
扬州,2015,4016.84,89647.0,461.12,50.09,1134269.0,
扬州,2016,4449.38,99151.0,462.0,49.39,1327317.0,
扬州,2017,3248.4,7.6,460.0,49.13,2370454.0,
扬州,2018,5466.17,120944.0,459.0,47.99,2489850.0,
扬州,2019,5850.0,128856.0,457.0,47.49,2594037.0,
扬州,2020,6048.0,132784.0,456.0,46.06,2646630.0,1490.0
扬州,2021,6696.0,146562.0,452.0,47.89,2897679.0,1948.0
扬州,2022,7105.0,155132.0,448.0,48.84,3136100.0,2543.0
镇江,2003,640.51,23995.0,267.19,57.29,413508.0,
镇江,2004,781.16,29235.0,267.21,58.96,462943.0,
镇江,2005,871.67,29534.0,267.61,60.59,551501.0,
镇江,2006,1021.52,38088.0,268.79,60.56,626811.0,
镇江,2007,1206.6865,44894.0,268.78,59.81,708668.0,
镇江,2008,1408.1351,52391.0,268.77,59.89,742148.0,
镇江,2009,1672.0765,62084.0,269.88,58.2,785822.0,
镇江,2010,1987.64,63280.0,270.71,56.38,848956.0,
镇江,2011,2311.45,73981.0,271.9,55.05,963808.0,
镇江,2012,2630.42,83650.0,271.4,53.97,1014686.0,
镇江,2013,2927.28,107621.0,271.8,52.93,1084280.0,
镇江,2014,3252.44,102652.0,272.1,50.15,1044933.0,
镇江,2015,3502.48,110351.0,271.67,49.31,1102841.0,
镇江,2016,2690.58595,120603.0,272.0,48.79,1165606.0,
镇江,2017,3941.92,7.0,271.0,51.85,2438595.0,
镇江,2018,4050.0,126906.0,271.0,48.8,2552352.0,
镇江,2019,4127.0,128981.0,270.0,48.58,2643900.0,
镇江,2020,4220.0,131580.0,321.0,47.13,2670464.0,2266.0
镇江,2021,4763.0,148204.0,268.0,48.71,2950572.0,2808.0
镇江,2022,5017.0,155823.0,267.0,49.26,2984700.0000000005,3270.0
泰州,2003,580.04,11513.0,503.66,51.78,151360.0,
泰州,2004,705.2,14014.0,502.77,53.96,191916.0,
泰州,2005,822.26,17474.0,502.05,57.97,230006.0,
泰州,2006,1002.28,19933.0,503.6,58.42,276239.0,
泰州,2007,1201.82,23933.0,500.7,58.25,317792.0,
泰州,2008,1394.38,27843.0,500.89,57.99,325618.0,
泰州,2009,1660.92,33166.0,503.98,56.78,371976.0,
泰州,2010,2048.72,44118.0,504.65,54.95,399557.0,
泰州,2011,2422.61,52395.0,507.1,54.0,405334.0,
泰州,2012,2701.67,58378.0,506.4,53.1,458012.0,
泰州,2013,3006.91,59191.0,507.8,52.35,762225.0,
泰州,2014,3370.89,72706.0,508.5,50.36,784406.0,
泰州,2015,3687.9,79479.0,507.85,49.11,800883.0,
泰州,2016,2841.355,88330.0,508.0,47.15,1769960.5,
泰州,2017,4604.705,8.6,505.0,46.15,1851335.0,
泰州,2018,3563.9049999999997,109988.0,503.0,47.65,2861359.0,
泰州,2019,5133.0,110731.0,501.0,49.21,2960000.0,
泰州,2020,5313.0,117542.0,452.0,47.83,3068793.9999999995,1418.0
泰州,2021,6025.0,133323.0,493.0,48.46,3378007.0,1538.0
泰州,2022,6402.0,141830.0,488.0,49.33,3622200.0000000005,2061.0
宿迁,2003,278.19,5400.0,517.26,41.53,36332.0,
宿迁,2004,335.59,6462.0,521.4,42.24,47510.5,
宿迁,2005,375.93,7188.0,524.54,43.43,110381.0,
宿迁,2006,454.2,8618.0,529.47,44.84,138168.0,
宿迁,2007,542.0,10217.0,531.53,45.98,170148.0,
宿迁,2008,655.06,12289.0,534.58,46.61,202970.0,
宿迁,2009,826.8532,15381.0,540.6,46.3,240060.0,
宿迁,2010,1064.09,22525.0,546.28,45.03,339119.0,
宿迁,2011,1320.8278,27839.0,555.1,46.52,461477.0,
宿迁,2012,1522.03,31722.0,560.3,47.1,560014.0,
宿迁,2013,1706.2756,29830.0,572.1,47.8,658322.0,
宿迁,2014,1930.68,39963.0,580.7,48.34,710206.0,
宿迁,2015,2126.19,43853.0,586.28,48.51,723258.0,
宿迁,2016,1536.312,48311.0,592.0,48.49,1219400.5,
宿迁,2017,2550.92,7.7,591.0,43.18,1715543.0,
宿迁,2018,2022.717,55906.0,591.0,46.52,1920504.0,
宿迁,2019,3099.0,62840.0,592.0,42.73,2092200.0,
宿迁,2020,3262.0,65503.0,499.0,41.91,2225136.0,263.0
宿迁,2021,3719.0,74476.0,591.0,43.37,2581700.0,462.0
宿迁,2022,4112.0,82452.0,588.0,44.84,2777600.0,825.0
杭州,2003,2099.7744,32819.0,642.78,51.88,1901158.0,
杭州,2004,2515.0,38858.0,651.68,53.0,2077488.0,
杭州,2005,2942.6519,44853.0,660.45,50.87,2447837.0,
杭州,2006,3441.5068,51878.0,666.31,50.4,2799367.0,
杭州,2007,4100.1722,52590.0,672.35,50.17,3134653.0,
杭州,2008,4781.1649,70832.0,677.64,49.97,3257487.0,
杭州,2009,5087.553,63333.0,683.38,46.92,3469277.0,
杭州,2010,5949.1687,69828.0,689.12,47.81,3926426.0,
杭州,2011,7019.0579,80478.0,693.7,47.35,4325675.0,
杭州,2012,7802.0058,88962.0,700.5,45.79,4449519.0,
杭州,2013,8343.5193,118013.0,706.6,43.89,4840497.0,
杭州,2014,9206.1633,103813.0,715.8,41.77,5527078.0,
杭州,2015,10050.2079,112230.0,723.55,38.89,5595438.0,
杭州,2016,11313.7223,124286.0,736.0,36.42,5839636.0,
杭州,2017,11621.4609,8.21,754.0,35.13,7380288.0,
杭州,2018,13509.1508,140180.0,774.0,33.84,7969558.0,
杭州,2019,15373.0,152465.0,795.0,31.71,8167003.0,5304203.0
杭州,2020,16106.0,136617.0,815.0,29.93,8381250.993162241,17327.0
杭州,2021,18109.0,149857.0,835.0,30.31,9568985.919130426,22948.0
杭州,2022,18753.0,152588.0,847.0,29.97,10063981.039571036,30100.0
宁波,2003,1786.8542,32639.0,549.07,56.03,1048965.0,
宁波,2004,2158.0377,39174.0,552.69,57.01,1240008.0,
宁波,2005,2449.3099,44156.0,556.7,54.77,1515517.0,
宁波,2006,2874.4435,51460.0,560.45,55.09,1748364.0,
宁波,2007,3435.0042,66067.0,564.56,55.29,2057628.0,
宁波,2008,3964.0472,69997.0,568.09,55.41,2139561.0,
宁波,2009,4329.3025,60720.0,571.02,54.56,2237757.0,
宁波,2010,5163.0017,69368.0,574.08,55.6,2537433.0,
宁波,2011,6059.2409,79524.0,576.4,55.28,2767470.0,
宁波,2012,6582.2064,86228.0,577.7,53.43,3012523.0,
宁波,2013,7128.8672,122912.0,580.2,52.49,3081224.0,
宁波,2014,7610.2816,98362.0,583.8,52.3,3181606.0,
宁波,2015,8003.6103,102374.0,586.57,51.2,3451618.0,
宁波,2016,8686.4911,110656.0,591.0,51.29,4165873.0,
宁波,2017,9715.977149999999,6.8,597.0,48.97,7092306.0,
宁波,2018,10745.4632,132603.0,603.0,51.25,7752759.0,
宁波,2019,11985.0,143157.0,608.0,48.25,8079226.0,3239477.0
宁波,2020,12409.0,132614.0,613.0,45.89,8291171.306840734,5331.0
宁波,2021,14595.0,153922.0,618.0,47.94,9466140.74115957,7819.0
宁波,2022,15704.0,163911.0,621.0,47.21,9955815.7721271,9611.0
温州,2003,1226.4424,16558.0,742.28,57.15,644672.0,
温州,2004,1402.5726,18846.0,746.19,56.76,700362.0,
温州,2005,1596.353,21335.0,750.28,54.3,785520.0,
温州,2006,1837.5038,24390.0,756.48,54.77,880943.0,
温州,2007,2158.9093,28387.0,764.57,54.21,948999.0,
温州,2008,2424.2923,31555.0,771.99,53.08,980374.0,
温州,2009,2527.3448,32588.0,779.11,52.0,1022082.0,
温州,2010,2925.0426,37359.0,786.8,52.43,1159208.0,
温州,2011,3418.5315,43132.0,798.4,51.51,1230634.0,
温州,2012,3669.1842,40103.0,800.2,50.5,1203312.0,
温州,2013,4003.8617,49614.0,807.2,50.34,1228977.0,
温州,2014,4303.046,47118.0,813.7,47.17,1282475.0,
温州,2015,4618.0766,50790.0,811.21,43.8,1246010.0,
温州,2016,3399.5788000000002,55779.0,818.0,41.09,2618587.0,
温州,2017,5553.8601,7.41,825.0,40.355000000000004,2817716.0,
温州,2018,4393.5405,65055.0,829.0,39.62,4233012.0,
温州,2019,6606.0,71225.0,832.0,42.57,4410769.0,1403079.0
温州,2020,6871.0,71766.0,959.0,41.25,4526478.325263162,7189.0
温州,2021,7585.0,78879.0,833.0,42.07,5167940.608511713,5218.0
温州,2022,8030.0,83107.0,832.0,42.1,5435273.574152929,3835.0
嘉兴,2003,858.0276,25792.0,332.96,59.28,308220.0,
嘉兴,2004,1050.5564,31506.0,333.94,60.45,373136.0,
嘉兴,2005,1159.6615,34706.0,334.33,58.8,432298.0,
嘉兴,2006,1346.6481,40206.0,335.55,59.94,495111.0,
嘉兴,2007,1585.3145,47157.0,336.81,59.91,579357.0,
嘉兴,2008,1815.2979,43129.0,338.07,59.79,611855.0,
嘉兴,2009,1918.0282,44898.0,339.6,58.0,634418.0,
嘉兴,2010,2300.2027,52143.0,341.6,58.24,738037.0,
嘉兴,2011,2677.0874,59256.0,343.1,57.42,851239.0,
嘉兴,2012,2890.573,63704.0,344.5,55.46,930296.0,
嘉兴,2013,3147.6636,90973.0,345.9,54.86,991233.0,
嘉兴,2014,3352.6045,73458.0,348.1,54.1,1013706.0,
嘉兴,2015,3517.8068,76850.0,349.48,52.61,1057122.0,
嘉兴,2016,2321.6315999999997,83968.0,352.0,52.06,2948373.0,
嘉兴,2017,4367.047,8.0,356.0,51.88,3197170.5,
嘉兴,2018,3247.7282,103858.0,360.0,53.87,5220618.0,
嘉兴,2019,5370.0,112751.0,364.0,53.87,5380258.0,1646576.0
嘉兴,2020,5510.0,102541.0,368.0,51.92,5521400.286735427,4733.0
嘉兴,2021,6355.0,116323.0,372.0,54.35,6303856.266893599,3818.0
嘉兴,2022,6739.0,121794.0,375.0,55.19,6629949.138013097,3932.0
湖州,2003,490.7516,19102.0,256.78,53.34,302471.0,
湖州,2004,590.6926,22966.0,257.21,54.8,333135.0,
湖州,2005,644.2499,25030.0,257.58,54.83,343691.0,
湖州,2006,761.0154,29527.0,257.89,57.18,424454.0,
湖州,2007,892.0238,34596.0,257.8,57.26,469017.0,
湖州,2008,1034.8945,40089.0,258.5,57.35,491056.0,
湖州,2009,1101.8263,38865.0,259.17,55.04,522405.0,
湖州,2010,1301.7294,45323.0,259.98,54.93,596188.0,
湖州,2011,1520.0553,52477.0,261.1,53.79,658500.0,
湖州,2012,1664.3045,57350.0,261.4,53.26,702950.0,
湖州,2013,1803.1501,68823.0,262.5,52.86,755944.0,
湖州,2014,1955.9985,66917.0,263.8,51.08,780792.0,
湖州,2015,2084.2666,70894.0,263.71,49.26,829917.0,
湖州,2016,1584.9993,77110.0,265.0,48.13,1636623.0,
湖州,2017,2501.7209000000003,8.87,266.0,50.75,2443329.0,
湖州,2018,2719.0675,90304.0,267.0,46.84,2748017.0,
湖州,2019,3122.0,102593.0,268.0,51.1,2950204.0,870122.0
湖州,2020,3201.0,95579.0,337.0,49.61,3027597.7864868194,1352.0
湖州,2021,3645.0,107534.0,269.0,51.17,3456648.7283722386,2036.0
湖州,2022,3850.0,112902.0,269.0,51.07,3635458.0889546173,2232.0
绍兴,2003,1089.2802,25115.0,433.84,59.2,278521.0,
绍兴,2004,1313.8654,30254.0,434.72,59.88,305812.0,
绍兴,2005,1447.47,33283.0,435.09,60.31,353473.0,
绍兴,2006,1677.6266,38540.0,435.5,60.55,396981.0,
绍兴,2007,1972.052,45244.0,436.24,60.72,433115.0,
绍兴,2008,2222.9451,50909.0,437.06,59.79,432693.0,
绍兴,2009,2375.7754,54316.0,437.74,57.29,423091.0,
绍兴,2010,2795.2029,63770.0,438.91,56.05,485155.0,
绍兴,2011,3331.996,75820.0,440.0,55.05,532462.0,
绍兴,2012,3654.0321,82966.0,440.8,53.71,1489888.5,
绍兴,2013,3967.2887,89758.0,441.7,53.01,1525104.5,
绍兴,2014,4265.8839,86136.0,443.0,51.89,2501567.0,
绍兴,2015,4465.9653,90003.0,443.11,50.45,2531170.0,
绍兴,2016,4789.0304,96204.0,445.0,50.08,2514027.0,
绍兴,2017,5102.962799999999,7.04,446.0,48.95,4115520.0,
绍兴,2018,5416.8952,107853.0,447.0,48.22,4377184.0,
绍兴,2019,5781.0,114561.0,448.0,47.93,4623663.0,1529807.0
绍兴,2020,6001.0,113746.0,529.0,45.19,4744957.251858179,3583.0
绍兴,2021,6795.0,127875.0,447.0,47.51,5417380.909717352,4137.0
绍兴,2022,7351.0,137522.0,446.0,48.95,5697617.200014024,3500.0
金华,2003,801.6023,17831.0,449.91,55.71,156388.0,
金华,2004,978.3771,21703.0,451.7,56.33,172719.0,
金华,2005,1063.5397,23482.0,454.13,53.14,203827.0,
金华,2006,1234.6957,27108.0,456.8,53.94,237173.0,
金华,2007,1465.67,32002.0,459.19,54.21,268983.0,
金华,2008,1681.8457,36538.0,461.41,53.69,289996.0,
金华,2009,1776.0647,34294.0,463.68,51.81,305179.0,
金华,2010,2110.0441,39897.0,466.65,51.47,355567.0,
金华,2011,2458.0703,45721.0,469.1,50.69,398693.0,
金华,2012,2710.7675,50269.0,470.6,49.61,427253.0,
金华,2013,2958.7771,62553.0,473.4,48.86,491643.0,
金华,2014,3208.203,59056.0,475.1,47.02,503986.0,
金华,2015,3402.3399,62480.0,478.09,45.53,521467.0,
金华,2016,2071.8663,67158.0,481.0,44.6,1949122.0,
金华,2017,3892.58405,6.28,486.0,43.585,2140453.0,
金华,2018,2650.69635,73428.0,489.0,42.57,3705731.0,
金华,2019,4560.0,81224.0,492.0,40.2,3946681.0,841368.0
金华,2020,4704.0,67329.0,493.5,38.56,4050215.734088079,3993.0
金华,2021,5355.0,75524.0,495.0,41.25,4624185.263100747,3261.0
金华,2022,5562.0,78086.0,497.0,41.86,4863390.248936513,2782.0
衢州,2003,233.7312,9560.0,244.83,47.24,265097.0,
衢州,2004,283.76,11570.0,245.61,49.22,286564.0,
衢州,2005,329.11,13401.0,245.57,46.28,329944.0,
衢州,2006,387.4,15740.0,246.68,49.3,373402.0,
衢州,2007,478.5,21598.0,247.74,53.05,427440.0,
衢州,2008,580.05,23362.0,248.85,54.8,474737.0,
衢州,2009,626.55,25127.0,249.86,52.79,480679.0,
衢州,2010,755.4826,30153.0,251.24,54.86,530607.0,
衢州,2011,919.6209,36508.0,252.6,55.57,579480.0,
衢州,2012,972.246,38476.0,252.8,53.11,630272.0,
衢州,2013,1056.5716,41597.0,254.2,52.62,675752.0,
衢州,2014,1115.0977,43740.0,255.7,50.12,679802.0,
衢州,2015,1146.1322,53847.0,256.38,46.66,735490.0,
衢州,2016,874.1817,58281.0,257.0,45.11,803183.0,
衢州,2017,1361.08495,10.1,258.0,48.51,1552838.0,
衢州,2018,1088.1156,66936.0,258.0,44.99,1717558.0,
衢州,2019,1574.0,71087.0,258.0,41.37,1842468.0,252846.0
衢州,2020,1639.0,72192.0,228.0,40.27,1890802.1406224102,682.0
衢州,2021,1876.0,82174.0,256.0,43.23,2158753.994390402,773.0
衢州,2022,2003.0,87544.0,255.0,43.63,2270424.4161556405,962.0
舟山,2003,172.2656,17679.0,97.12,41.3,110653.0,
舟山,2004,212.0391,21855.0,96.91,43.06,132216.0,
舟山,2005,280.1592,28936.0,96.73,39.71,152535.0,
舟山,2006,335.1979,34682.0,96.58,41.62,174938.0,
舟山,2007,408.37,42259.0,96.69,43.77,196772.0,
舟山,2008,490.25,50683.0,96.77,46.19,240521.0,
舟山,2009,535.2361,55311.0,96.77,45.34,271355.0,
舟山,2010,644.317,66581.0,96.77,45.52,315390.0,
舟山,2011,772.7535,79765.0,97.0,45.18,326697.0,
舟山,2012,853.1767,87883.0,97.2,44.88,324500.0,
舟山,2013,930.8493,95964.0,97.3,44.21,339076.0,
舟山,2014,1015.2567,88746.0,97.5,41.89,352190.0,
舟山,2015,1092.8459,95113.0,97.36,41.14,348853.0,
舟山,2016,1241.1989,107463.0,97.0,41.09,363629.0,
舟山,2017,916.5154,8.7,97.0,36.81,301473.5,
舟山,2018,1316.6986,112490.0,97.0,32.53,590094.5,
舟山,2019,1372.0,116781.0,97.0,34.66,455727.3376892708,144803.0
舟山,2020,1512.0,130130.0,116.0,39.02,672136.6753785416,863.0
舟山,2021,1704.0,146611.0,96.0,44.25,767387.3969023972,957.0
舟山,2022,1951.0,167134.0,95.0,48.7,807083.6635877625,743.0
台州,2003,995.0324,18041.0,552.61,58.1,352598.0,
台州,2004,1173.7943,21177.0,555.92,58.44,344068.0,
台州,2005,1251.7703,22438.0,559.85,52.58,423922.0,
台州,2006,1463.3068,26026.0,564.66,53.46,491595.0,
台州,2007,1721.8413,30366.0,569.39,53.86,562728.0,
台州,2008,1965.266,34374.0,574.06,52.79,618693.0,
台州,2009,2040.4529,35489.0,578.47,51.84,671955.0,
台州,2010,2426.4533,41172.0,583.14,51.69,761636.0,
台州,2011,2754.4144,46011.0,586.8,50.49,818396.0,
台州,2012,2911.2616,48505.0,591.0,48.76,865363.0,
台州,2013,3153.3369,53086.0,594.0,48.06,942172.0,
台州,2014,3387.3783,56208.0,597.1,46.61,954879.0,
台州,2015,3553.8533,58917.0,597.49,44.11,954079.0,
台州,2016,2588.9447,64287.0,600.0,43.5,2029583.0,
台州,2017,4386.6645,8.94,604.0,52.53,2177118.0,
台州,2018,3379.01805,79541.0,605.0,44.77,3295674.0,
台州,2019,5134.0,83555.0,607.0,45.58,3312213.0,1022987.0
台州,2020,5263.0,79889.0,663.0,43.66,3399103.501714752,4401.0
台州,2021,5786.0,87089.0,606.0,43.95,3880801.7528781053,5282.0
台州,2022,6041.0,90572.0,605.0,43.69,4081552.1717110546,2941.0
丽水,2003,220.2878,8835.0,249.4,44.21,38648.0,
丽水,2004,264.569,10582.0,250.66,46.87,47554.0,
丽水,2005,305.9863,12189.0,251.39,44.82,67766.0,
丽水,2006,355.3709,14104.0,252.53,46.06,78708.0,
丽水,2007,433.89,17133.0,253.99,46.53,96364.0,
丽水,2008,505.6756,22053.0,255.43,48.62,113393.0,
丽水,2009,546.5482,23717.0,257.39,47.77,123290.0,
丽水,2010,663.2932,31296.0,259.65,49.54,140837.0,
丽水,2011,798.2174,37706.0,251.3,50.33,161023.0,
丽水,2012,894.1046,42244.0,262.6,50.27,170485.0,
丽水,2013,983.0769,37238.0,263.9,50.64,176299.0,
丽水,2014,1051.7517,49459.0,265.7,48.07,183421.0,
丽水,2015,1103.2922,51676.0,266.38,45.67,184780.0,
丽水,2016,714.7437500000001,56238.0,268.0,44.9,527149.0,
丽水,2017,1302.4532,5.22,269.0,57.92,619267.0,
丽水,2018,901.5976499999999,63611.0,270.0,41.43,1034544.0,
丽水,2019,1477.0,66936.0,271.0,38.68,1124048.0,245414.0
丽水,2020,1540.0,61811.0,251.0,36.04,1153535.564559243,426.0
丽水,2021,1710.0,68101.0,270.0,37.25,1317006.9221753336,543.0
丽水,2022,1831.0,72812.0,269.0,38.56,1385134.5174683717,632.0
合肥,2003,484.9623,10720.0,456.6,50.25,448631.0,
合肥,2004,589.7,13378.0,444.68,50.4,475273.0,
合肥,2005,853.57,18960.0,455.7,44.83,529037.0,
合肥,2006,1073.76,23203.0,469.85,47.54,570721.0,
合肥,2007,1334.6102,28134.0,478.9,48.97,647342.0,
合肥,2008,1664.84,34482.0,486.73,50.15,718911.0,
合肥,2009,2102.12,41543.0,491.43,52.56,750319.0,
合肥,2010,2701.61,54796.0,494.95,53.92,856458.0,
合肥,2011,3636.6,48563.0,706.1,55.06,1004013.0,
合肥,2012,4164.34,55186.0,710.5,55.32,1085783.0,
合肥,2013,4672.91,65631.0,711.5,55.29,1170320.0,
合肥,2014,5180.56,67689.0,712.8,55.25,1285143.0,
合肥,2015,5660.27,73102.0,717.72,52.6,1406197.0,
合肥,2016,6274.3777,80138.0,730.0,50.7,1555875.0,
合肥,2017,4812.4819,8.99,743.0,52.35,2960923.0,
合肥,2018,7822.9061,97470.0,758.0,46.18,3448296.0,
合肥,2019,9409.0,115623.0,770.0,36.3,3754592.0,2917649.0
合肥,2020,10046.0,108427.0,937.0,35.64,4181606.0,7593.0
合肥,2021,11413.0,121187.0,793.0,36.55,4578440.5,9741.0
合肥,2022,12013.0,125798.0,800.0,36.58,4975275.0,12734.0
芜湖,2003,284.8538,12786.0,223.82,57.12,155958.0,
芜湖,2004,345.0746,15392.0,224.56,58.49,180812.0,
芜湖,2005,400.65,17750.0,226.88,53.2,210520.0,
芜湖,2006,479.719,21045.0,229.03,56.36,248450.0,
芜湖,2007,582.3014,25933.0,230.46,57.03,352907.0,
芜湖,2008,749.646,32500.0,230.79,60.61,431151.0,
芜湖,2009,901.9997,39142.0,230.1,62.64,479730.0,
芜湖,2010,1108.5924,48306.0,229.5,65.18,527315.0,
芜湖,2011,1658.242,43095.0,385.4,65.89,638395.0,
芜湖,2012,1873.6339,48742.0,383.4,65.87,737276.0,
芜湖,2013,2099.5271,54533.0,384.5,66.12,859505.0,
芜湖,2014,2309.5488,64039.0,384.5,63.91,936850.0,
芜湖,2015,2457.3234,67592.0,384.79,57.19,966118.0,
芜湖,2016,2699.4385,73715.0,388.0,56.0,1073204.0,
芜湖,2017,2988.9851,9.47,388.0,42.62,1799925.0,
芜湖,2018,3278.5317,88085.0,389.0,52.18,1928581.0,
芜湖,2019,3618.0,96154.0,390.0,48.56,2027286.0,1115589.0
芜湖,2020,3753.0,102964.0,365.0,47.62,2145958.3333333433,3022.0
芜湖,2021,4303.0,117526.0,388.0,47.62,2259638.8333333433,3296.0
芜湖,2022,4502.0,121630.0,387.0,47.43,2373319.3333333433,2879.0
蚌埠,2003,208.1442,6269.0,344.93,43.41,145215.0,
蚌埠,2004,263.66,7621.0,346.97,41.29,175733.0,
蚌埠,2005,311.33,9465.0,349.33,38.4,208629.0,
蚌埠,2006,359.02,10231.0,352.47,39.32,213564.0,
蚌埠,2007,409.6988,12818.0,355.27,39.14,215401.0,
蚌埠,2008,486.3852,13632.0,358.31,39.62,232225.0,
蚌埠,2009,532.087,14803.0,360.64,44.44,258628.0,
蚌埠,2010,636.8877,17621.0,362.23,47.25,285422.0,
蚌埠,2011,780.2393,24574.0,365.5,49.33,308818.0,
蚌埠,2012,890.2164,27999.0,367.8,50.0,334386.0,
蚌埠,2013,1007.8541,27462.0,366.6,51.17,392545.0,
蚌埠,2014,1151.1949,35542.0,371.1,51.9,411497.0,
蚌埠,2015,1253.055,38267.0,376.35,47.96,432109.0,
蚌埠,2016,1385.8228,41855.0,380.0,43.95,461482.0,
蚌埠,2017,1550.2394,9.4,381.0,47.49,784435.0,
蚌埠,2018,1714.656,50662.0,384.0,44.46,863161.0,
蚌埠,2019,2057.0,60469.0,386.0,41.12,892530.0,485478.0
蚌埠,2020,2083.0,63209.0,330.0,40.09,954803.6666666716,552.0
蚌埠,2021,1989.0,60117.0,387.0,33.89,1008851.1666666716,555.0
蚌埠,2022,2012.0,60739.0,387.0,32.89,1062898.6666666716,751.0
淮南,2003,170.5041,8081.0,211.84,51.1,244389.0,
淮南,2004,214.49,9225.0,233.58,52.16,284441.0,
淮南,2005,263.6,11232.0,235.78,53.18,309936.0,
淮南,2006,304.98,12876.0,237.9,54.34,341658.0,
淮南,2007,344.2294,15699.0,,55.02,387892.0,
淮南,2008,453.62,19809.0,240.88,61.1,422359.0,
淮南,2009,508.773,22169.0,242.52,62.79,463277.0,
淮南,2010,603.5491,26049.0,243.99,64.42,477568.0,
淮南,2011,709.5384,30400.0,245.6,65.03,479764.0,
淮南,2012,781.751,33489.0,243.8,64.09,514430.0,
淮南,2013,819.3895,33720.0,243.3,62.06,551361.0,
淮南,2014,789.3187,33361.0,243.4,57.42,541206.0,
淮南,2015,901.0822,26398.0,246.2,48.09,532541.0,
淮南,2016,963.8395,27990.0,389.0,47.17,550468.0,
淮南,2017,1048.57295,6.4,390.0,48.07,847547.0,
淮南,2018,1133.3064,32487.0,390.0,46.57,879515.0,
淮南,2019,1296.0,37140.0,391.0,40.71,955503.0,116082.0
淮南,2020,1337.0,43557.0,303.0,39.34,1002144.3333333284,472.0
淮南,2021,1457.0,48008.0,390.0,40.84,1056122.3333333284,536.0
淮南,2022,1541.0,50802.0,388.0,42.11,1110100.3333333284,696.0
马鞍山,2003,192.5237,15638.0,124.09,64.9,390096.0,
马鞍山,2004,265.095,21337.0,124.39,69.29,532469.0,
马鞍山,2005,371.3461,29704.0,125.64,64.82,444527.0,
马鞍山,2006,428.9,34010.0,126.57,64.19,487126.0,
马鞍山,2007,532.1,41917.0,127.32,65.71,588043.0,
马鞍山,2008,636.3,49824.0,128.1,67.96,931480.0,
马鞍山,2009,665.8905,51879.0,128.61,66.53,915470.0,
马鞍山,2010,811.0148,62942.0,129.1,69.49,972025.0,
马鞍山,2011,1144.1815,52000.0,228.6,68.09,992016.0,
马鞍山,2012,1232.0,56217.0,228.4,66.47,1043359.0,
马鞍山,2013,1292.8032,56702.0,228.4,64.52,1122121.0,
马鞍山,2014,1333.12,60091.0,227.2,62.34,1225297.0,
马鞍山,2015,1365.3044,60802.0,228.5,56.66,1252880.0,
马鞍山,2016,1493.7617,65833.0,229.0,55.4,1304915.0,
马鞍山,2017,1705.93085,8.9,229.0,44.88,1970956.0,
马鞍山,2018,1918.1,82695.0,229.0,53.59,2057085.0,
马鞍山,2019,2111.0,89867.0,229.0,48.95,2105572.0,606228.0
马鞍山,2020,2187.0,101011.0,216.0,47.83,2179153.6666666716,1647.0
马鞍山,2021,2439.0,113010.0,228.0,49.45,2246461.6666666716,1811.0
马鞍山,2022,2521.0,116093.0,227.0,49.16,2313769.6666666716,1797.0
淮北,2003,132.4689,6541.0,203.94,53.19,182287.0,
淮北,2004,169.13,8183.0,209.39,55.02,196326.0,
淮北,2005,208.99,10245.0,210.52,56.43,208296.0,
淮北,2006,224.72,11015.0,212.2,53.5,227877.0,
淮北,2007,267.1818,12674.0,,56.22,253264.0,
淮北,2008,349.09,17029.0,215.78,59.9,269198.0,
淮北,2009,371.8734,18096.0,217.74,61.39,293108.0,
淮北,2010,461.6043,22309.0,219.56,64.64,308658.0,
淮北,2011,554.9156,26239.0,221.8,66.34,308944.0,
淮北,2012,620.5393,29278.0,218.3,66.13,279963.0,
淮北,2013,703.6634,32729.0,214.5,67.02,336780.0,
淮北,2014,759.637,35324.0,215.3,63.42,337644.0,
淮北,2015,760.3904,35057.0,216.5,58.1,340303.0,
淮北,2016,799.0337,36427.0,217.0,56.34,355974.0,
淮北,2017,622.918,6.89,217.0,37.7,594942.0,
淮北,2018,985.1902,43962.0,218.0,40.215,637691.0,
淮北,2019,1078.0,47654.0,219.0,42.73,679930.0,167413.0
淮北,2020,1119.0,56661.0,197.0,41.73,722509.0,363.0
淮北,2021,1223.0,62019.0,219.0,42.03,765003.0,588.0
淮北,2022,1303.0,66401.0,218.0,43.78,807497.0,519.0
铜陵,2003,103.0449,14591.0,70.91,57.97,200531.0,
铜陵,2004,136.72,19183.0,71.63,63.49,235621.0,
铜陵,2005,182.05,25309.0,72.22,61.67,292446.0,
铜陵,2006,243.63,33526.0,73.11,66.96,328705.0,
铜陵,2007,286.9,40116.0,73.65,67.74,365339.0,
铜陵,2008,325.31,44100.0,73.89,67.11,384608.0,
铜陵,2009,343.73,46765.0,73.99,67.87,431922.0,
铜陵,2010,466.7,64496.0,74.01,72.74,459581.0,
铜陵,2011,579.41,79704.0,74.2,74.73,488230.0,
铜陵,2012,621.3008,84819.0,74.2,73.44,503841.0,
铜陵,2013,680.6,91973.0,74.2,72.14,579237.0,
铜陵,2014,716.31,97193.0,73.8,71.26,587698.0,
铜陵,2015,911.6,57387.0,122.4,61.75,684374.0,
铜陵,2016,957.3,59960.0,122.4,59.5,713203.0,
铜陵,2017,881.3428,8.44,171.0,58.875,856403.0,
铜陵,2018,1222.3596,75524.0,171.0,40.465,896923.0,
铜陵,2019,960.0,58726.0,171.0,46.33,983000.0,280991.0
铜陵,2020,1004.0,75748.0,131.0,45.42,1038705.6666666716,355.0
铜陵,2021,1166.0,89112.0,169.0,49.49,1102004.1666666716,359.0
铜陵,2022,1210.0,92823.0,168.0,49.82,1165302.6666666716,332.0
安庆,2003,320.4307,5299.0,605.2,45.18,128172.0,
安庆,2004,392.02,6483.0,604.2,46.62,160265.0,
安庆,2005,429.64,7595.0,605.55,41.12,193034.0,
安庆,2006,494.21,8709.0,607.89,42.27,219000.0,
安庆,2007,587.6612,10485.0,610.99,41.37,251850.0,
安庆,2008,704.7175,12595.0,613.89,42.44,264500.0,
安庆,2009,770.66,13811.0,615.88,46.89,286422.0,
安庆,2010,988.11,18604.0,615.62,53.03,324125.0,
安庆,2011,1215.74,22893.0,618.7,55.33,385511.0,
安庆,2012,1359.7027,25592.0,620.4,55.85,355056.0,
安庆,2013,1418.2282,22801.0,621.7,53.14,408002.0,
安庆,2014,1544.317,28808.0,620.9,52.76,386258.0,
安庆,2015,1417.43,31101.0,622.1,50.36,372226.0,
安庆,2016,965.61805,33294.0,529.0,47.49,667090.0,
安庆,2017,1724.3813,8.6,531.0,53.59,961954.0,
安庆,2018,1917.585,41088.0,528.0,49.87,1079200.0,
安庆,2019,2381.0,50574.0,529.0,44.92,1162032.0,256721.0
安庆,2020,2468.0,58684.0,417.0,43.23,1267806.6666666567,683.0
安庆,2021,2657.0,63707.0,526.0,43.73,1367845.6666666567,911.0
安庆,2022,2767.0,66470.0,523.0,43.91,1467884.6666666567,882.0
黄山,2003,108.4187,7380.0,146.91,33.57,28853.0,
黄山,2004,131.98,9001.0,146.35,35.85,39214.0,
黄山,2005,159.9782,10909.0,146.94,35.95,49214.0,
黄山,2006,187.4889,12733.0,147.56,38.02,53222.0,
黄山,2007,213.2317,14430.0,147.98,37.11,62959.0,
黄山,2008,249.9,16867.0,148.35,39.46,71599.0,
黄山,2009,266.9198,17977.0,148.6,40.62,78536.0,
黄山,2010,309.3198,20846.0,148.05,44.09,94035.0,
黄山,2011,378.8148,25582.0,148.1,46.09,109124.0,
黄山,2012,424.9452,28773.0,147.3,46.25,120717.0,
黄山,2013,470.2965,31993.0,147.4,46.33,125306.0,
黄山,2014,507.1697,37306.0,147.7,46.17,126689.0,
黄山,2015,530.9,38794.0,147.69,39.89,136321.0,
黄山,2016,408.94579999999996,41905.0,148.0,38.87,152961.0,
黄山,2017,627.36585,8.1,148.0,36.885,315736.0,
黄山,2018,677.9143,48579.0,149.0,34.9,368373.0,
黄山,2019,818.0,57853.0,149.0,34.64,409888.0,85460.0
黄山,2020,850.0,63940.0,133.0,34.71,458817.66666667163,210.0
黄山,2021,957.0,71928.0,149.0,35.84,505893.66666667163,255.0
黄山,2022,1002.0,75505.0,147.0,35.44,552969.6666666716,273.0
滁州,2003,300.5,6960.0,432.94,43.59,43836.0,
滁州,2004,355.64,7425.0,433.5,40.52,310453.0,
滁州,2005,328.08,7550.0,435.62,37.97,77976.5,
滁州,2006,372.2901,8503.0,439.99,38.65,363729.0,
滁州,2007,435.5544,10611.0,443.96,41.26,150388.0,
滁州,2008,520.111,11626.0,447.37,42.86,165427.0,
滁州,2009,576.1845,14002.0,450.25,45.49,126750.0,
滁州,2010,695.6502,17400.0,450.8,49.16,162978.0,
滁州,2011,850.4891,21634.0,452.9,51.69,138575.0,
滁州,2012,970.7413,24651.0,452.1,52.29,205379.0,
滁州,2013,1086.1431,24190.0,449.5,53.0,210107.0,
滁州,2014,1214.4,30562.0,449.6,53.62,215919.0,
滁州,2015,1305.6964,32634.0,449.06,53.22,232407.0,
滁州,2016,869.3064,35301.0,454.0,49.71,872021.0,
滁州,2017,1612.2876500000002,11.0,454.0,50.665,977879.5,
滁州,2018,1801.7496,43999.0,454.0,51.62,1714739.0,
滁州,2019,2909.0,70429.0,455.0,49.08,1915805.0,506295.0
滁州,2020,3032.0,76087.0,399.0,48.75,2118229.6666666865,1291.0
滁州,2021,3362.0,84263.0,454.0,48.93,2320314.6666666865,1377.0
滁州,2022,3610.0,89800.0,454.0,50.08,2522399.6666666865,1427.0
阜阳,2003,216.8607,2611.0,904.1,28.13,78227.0,
阜阳,2004,263.32,2559.0,918.7,26.05,93999.0,
阜阳,2005,324.61,3761.0,932.76,29.38,112940.0,
阜阳,2006,378.36,4009.0,954.61,30.95,133201.0,
阜阳,2007,453.7578,5515.0,974.29,33.3,142654.0,
阜阳,2008,541.27,6475.0,987.79,33.39,174643.0,
阜阳,2009,607.7994,7288.0,1000.5,35.89,224575.0,
阜阳,2010,721.8144,9068.0,1011.84,39.17,248624.0,
阜阳,2011,853.1905,11202.0,1025.8,40.11,290300.0,
阜阳,2012,962.4981,12616.0,1039.8,41.3,325012.0,
阜阳,2013,1062.4758,10090.0,1053.2,41.09,368972.0,
阜阳,2014,1188.9663,15303.0,1051.4,42.44,295685.0,
阜阳,2015,1267.4505,16121.0,1042.65,40.74,437028.0,
阜阳,2016,905.2882,17642.0,1062.0,39.79,843816.5,
阜阳,2017,1580.6894,8.0,1070.0,53.08,1250605.0,
阜阳,2018,1759.5199,21589.0,1071.0,41.9,1433477.0,
阜阳,2019,2705.0,32855.0,1077.0,38.2,1590286.0,232204.0
阜阳,2020,2805.0,34399.0,820.0,37.08,1764470.3333333135,1564.0
阜阳,2021,3072.0,37524.0,1074.0,37.47,1934310.8333333135,1234.0
阜阳,2022,3233.0,39643.0,1075.0,37.77,2104151.3333333135,1074.0
宿州,2003,219.9287,3725.0,563.1,23.23,88495.0,
宿州,2004,279.1206,4096.0,599.6,24.48,95113.0,
宿州,2005,312.98,5453.0,604.52,23.97,97418.0,
宿州,2006,359.01,6276.0,609.94,26.72,99482.0,
宿州,2007,424.27,7430.0,617.17,30.03,148968.0,
宿州,2008,511.1031,8982.0,626.06,33.1,162386.0,
宿州,2009,540.6,8526.0,635.19,33.79,188242.0,
宿州,2010,650.57,9945.0,642.07,37.88,206120.0,
宿州,2011,802.4267,14971.0,649.1,40.59,226875.0,
宿州,2012,914.9528,17308.0,651.7,41.42,289971.0,
宿州,2013,1014.3289,15800.0,641.9,41.99,319598.0,
宿州,2014,1140.5288,20895.0,642.3,41.94,338139.0,
宿州,2015,1235.8259,22415.0,649.51,37.94,341540.0,
宿州,2016,940.01385,24270.0,654.0,37.94,561325.5,
宿州,2017,1491.01665,9.16,656.0,37.39,781111.0,
宿州,2018,1630.2217,28757.0,657.0,36.84,877367.0,
宿州,2019,1979.0,34773.0,658.0,35.89,960248.0,110211.0
宿州,2020,2045.0,38368.0,533.0,35.21,1052045.6666666567,1028.0
宿州,2021,2168.0,40688.0,660.0,35.47,1141614.1666666567,693.0
宿州,2022,2225.0,41875.0,659.0,34.68,1231182.6666666567,670.0
六安,2003,209.068,3127.0,669.5,34.52,65809.0,
六安,2004,253.1,3765.0,675.14,34.66,97629.0,
六安,2005,312.82,5094.0,681.0,33.54,105729.0,
六安,2006,,,686.73,33.82,129500.0,
六安,2007,435.29,7216.0,695.51,37.5,128251.0,
六安,2008,533.947,7473.0,701.64,38.56,86901.0,
六安,2009,584.0232,9637.0,705.89,40.69,111817.0,
六安,2010,676.1209,12047.0,704.82,42.26,178203.0,
六安,2011,821.02,14586.0,709.6,45.33,201447.0,
六安,2012,918.2,16248.0,710.3,46.11,188547.0,
六安,2013,1010.21,14089.0,716.7,47.33,163013.5,
六安,2014,1095.81,19211.0,720.5,47.47,256706.0,
六安,2015,1016.4885,21524.0,717.73,46.08,202255.5,
六安,2016,774.27205,23298.0,587.0,44.27,529501.5,
六安,2017,1198.10035,8.6,588.0,42.02,579409.5,
六安,2018,1288.0538,26731.0,589.0,40.61,891788.0,
六安,2019,1620.0,33370.0,591.0,36.14,1037547.0,155540.0
六安,2020,1670.0,37899.0,439.0,36.35,1157380.6666666567,889.0
六安,2021,1923.0,43690.0,584.0,38.79,1283695.6666666567,631.0
六安,2022,2005.0,45643.0,582.0,39.15,1410010.6666666567,672.0
亳州,2003,183.2512,3538.0,539.23,26.38,31039.0,
亳州,2004,224.6429,4299.0,545.67,26.42,34875.0,
亳州,2005,265.0,5091.0,550.14,27.29,37711.0,
亳州,2006,,,,,47610.0,
亳州,2007,335.566,6718.0,576.38,29.04,,
亳州,2008,404.22,7918.0,588.77,30.32,63076.0,
亳州,2009,431.9284,8477.0,596.93,34.12,67166.0,
亳州,2010,512.78,10318.0,600.76,37.36,,
亳州,2011,626.6531,12868.0,604.2,39.64,105053.0,
亳州,2012,715.6572,14642.0,612.6,40.36,123711.0,
亳州,2013,791.095,12498.0,632.9,40.46,144637.0,
亳州,2014,883.6299,17769.0,634.4,39.46,155237.0,
亳州,2015,942.609,18771.0,634.95,39.27,171087.0,
亳州,2016,681.9226,20611.0,,,,
亳州,2017,1161.64945,9.34,651.0,41.89,584061.0,
亳州,2018,1277.1945,24547.0,657.0,38.9,675947.0,
亳州,2019,1749.0,33314.0,663.0,35.55,749147.0,81497.0
亳州,2020,1806.0,36156.0,500.0,34.99,834804.3333333433,882.0
亳州,2021,1973.0,39509.0,669.0,34.52,917347.3333333433,722.0
亳州,2022,2102.0,42258.0,671.0,34.86,999890.3333333433,437.0
池州,2003,75.5027,4876.0,154.91,38.63,58467.0,
池州,2004,92.4253,7102.0,155.4,39.4,72467.0,
池州,2005,110.18,8719.0,156.31,36.88,84517.0,
池州,2006,,,157.09,38.07,86343.0,
池州,2007,158.0091,10949.0,158.02,37.65,95746.0,
池州,2008,192.4,14147.0,158.93,40.83,133163.0,
池州,2009,245.5896,17295.0,159.88,42.47,145504.0,
池州,2010,300.8439,21437.0,160.46,46.61,164993.0,
池州,2011,372.4882,26345.0,161.4,49.54,202481.0,
池州,2012,417.4466,29471.0,161.9,48.92,257561.0,
池州,2013,462.2452,28534.0,161.9,48.8,296446.0,
池州,2014,517.169,36267.0,160.6,47.14,232582.5,
池州,2015,544.7404,38014.0,161.61,46.14,168719.0,
池州,2016,589.0196,40919.0,162.0,43.77,390422.0,
池州,2017,636.97245,5.71,162.0,41.7,420939.0,
池州,2018,684.9253,46865.0,162.0,42.29,667046.0,
池州,2019,832.0,56217.0,162.0,44.15,760330.0,103145.0
池州,2020,869.0,64843.0,134.0,44.07,828038.6666666567,111.0
池州,2021,1004.0,75191.0,161.0,46.02,902141.1666666567,187.0
池州,2022,1079.0,81124.0,160.0,46.61,976243.6666666567,403.0
宣城,2003,203.1763,7553.0,274.83,40.66,45569.0,
宣城,2004,235.66,8793.0,273.02,43.27,55269.0,
宣城,2005,,,,,,
宣城,2006,,,274.21,39.35,,
宣城,2007,332.6478,13077.0,275.2,39.15,81200.0,
宣城,2008,411.61,15953.0,276.75,42.97,90546.0,
宣城,2009,432.77,16774.0,277.77,43.52,98336.0,
宣城,2010,525.7,20754.0,278.36,47.21,110715.0,
宣城,2011,671.4,26360.0,279.4,52.12,127932.0,
宣城,2012,757.47,29636.0,279.6,52.16,171981.0,
宣城,2013,842.8049,30100.0,280.2,52.55,197587.0,
宣城,2014,917.63,35726.0,279.8,51.4,200235.0,
宣城,2015,971.4569,37610.0,279.95,48.72,207933.0,
宣城,2016,647.6393,40740.0,280.0,47.47,632538.5,
宣城,2017,1187.5145,8.0,280.0,47.81,739751.0,
宣城,2018,942.41085,50065.0,279.0,48.71,1247308.0,
宣城,2019,1561.0,58819.0,279.0,47.3,1347564.0,257824.0
宣城,2020,1607.0,64301.0,250.0,47.17,1507758.6666666865,770.0
宣城,2021,1834.0,73548.0,276.0,48.58,1652968.6666666865,728.0
宣城,2022,1914.0,76853.0,276.0,48.96,1798178.6666666865,634.0
